"Salary","NBA_DraftNumber","Age","MP","PER","TS%","DRB%","VORP","G","OBPM","DBPM","BPM","OWS","DWS","WS","AST%","STL%"
19.9768378704696,43,22,87,0.6,0.303,16.8,-0.2,16,-10.6,0.5,-10.1,-0.4,0.1,-0.2,1.5,1.1
27.484099869772,42,33,937,16.8,0.608,25,0.7,66,-0.6,1.3,0.8,1.7,1.4,3.1,15.4,1.9
36.2943360698127,19,36,1508,17.3,0.529,23.8,0,59,-0.6,-1.3,-1.9,0.3,1.1,1.4,14.9,1.4
26.9897689626765,13,22,656,14.6,0.499,14.4,-0.1,24,-0.7,-2,-2.6,-0.1,0.5,0.4,18.6,1.8
26.7160653603957,10,20,979,8.2,0.487,18.3,-0.2,62,-3.7,0.9,-2.9,-0.4,1.2,0.8,7.3,0.8
22.1814498023565,62,24,2238,11.5,0.543,11.3,0.6,79,-0.4,-0.5,-0.9,1.6,1.6,3.1,13.3,1.4
11.7878893418305,62,30,7,-4.9,0,15.4,0,2,-12.6,-0.7,-13.3,-0.1,0,0,0,7.2
10.6162892681935,62,23,118,0.9,0.315,5,-0.3,5,-8.7,-1.9,-10.6,-0.5,0.1,-0.4,23.2,2.6
36.1038879476382,23,30,2200,11.1,0.543,14,0.5,70,-0.4,-0.6,-1,2,1,3.1,9.7,0.9
22.6233722471354,35,23,430,20.6,0.592,25.2,0.3,45,-0.1,0.6,0.5,0.8,0.6,1.4,11,1.8
23.0960072070477,62,27,428,19.2,0.671,21.7,0.1,42,-0.8,0,-0.8,1,0.5,1.6,3.6,1
27.8683811897843,6,24,1943,17.1,0.523,21.7,1,70,-1.6,1.6,0,1.3,2,3.3,13.5,1.9
27.5804028466611,40,27,2530,15.9,0.557,14.2,1.8,77,1.4,-0.6,0.8,3.9,1.7,5.6,18.5,1.6
39.4042590685013,62,31,2131,11.4,0.541,9.1,1.2,63,0.2,-0.1,0.2,1,1.7,2.7,12.3,1.8
30.8520114185602,4,30,1422,9.8,0.512,14,0.8,70,-2.2,2.5,0.3,-0.1,1.8,1.7,5.3,2.5
21.1184308429571,33,23,902,7.6,0.464,11.8,-0.4,58,-4,0.4,-3.6,-0.1,0.6,0.5,7.9,1.7
22.1814498023565,62,23,692,11.8,0.551,6.9,-0.3,35,-0.7,-3.2,-4,0.1,0.2,0.4,16.1,1.3
31.2895169829148,28,30,1962,12.1,0.582,10.9,0.9,74,1.6,-1.7,-0.1,2.3,1.9,4.1,6,1.3
23.9899697655913,17,21,29,17,0.73,18.6,0,4,-0.6,-2.6,-3.1,0.1,0,0.1,10.7,0
10.8086984561964,62,23,7,35.9,0.6,17,0,4,-3.1,-5.8,-9,0,0,0,0,0
33.0126051218201,5,41,971,10.6,0.519,14.9,0.2,55,-1.6,0.4,-1.3,0.2,0.8,1,9.3,2.1
40.8214328753009,2,25,2471,23.1,0.576,15.1,4.2,72,3.5,1.2,4.7,4.2,3.8,8,21,3.4
10.8086984561964,62,25,45,-1.8,0.255,2.4,-0.1,5,-8.7,-1.4,-10.1,-0.1,0,-0.1,8.1,1.1
25.1630343276141,62,37,72,1.8,0.252,10.9,-0.1,14,-7.2,-0.4,-7.5,-0.1,0.1,-0.1,9.2,0
22.7457151748372,24,21,1404,14.1,0.574,9.4,0.9,78,0.8,-0.3,0.5,2.3,1.1,3.4,20.9,3.2
36.7339421325102,2,35,1151,14.3,0.657,26.9,0.5,46,-1.4,1,-0.4,1.9,0.8,2.6,6.6,0.7
27.1508291905817,4,28,1607,21.2,0.561,16.3,2.3,52,4.5,-0.7,3.7,3,1.2,4.3,31.5,1.8
23.5089551232919,17,28,1025,15.9,0.585,19.6,0,62,-1.3,-0.5,-1.8,1.7,0.8,2.5,6.8,0.7
22.1814498023565,34,22,1563,9.7,0.459,6.8,-1.3,68,-3,-2.3,-5.4,-0.8,0.5,-0.4,27.5,2
30.8520114185602,62,25,1964,13,0.55,11.5,0.8,69,-0.1,-0.2,-0.4,1.9,2.2,4,12.3,1.4
22.9232300216075,18,23,584,10.4,0.459,11.6,-0.2,50,-3.1,-0.2,-3.3,0,0.6,0.6,21.9,1.9
19.9768378704696,41,21,897,9.3,0.478,13.2,-0.6,53,-2.2,-2.4,-4.6,-0.2,0.4,0.1,13.2,0.9
19.192899050968,62,23,518,13,0.567,17.7,0.1,39,0.5,-1.5,-1,0.9,0.3,1.2,7.9,0.8
22.7457151748372,62,23,307,15.2,0.544,14.8,0.2,21,-0.1,0.1,0,0.2,0.4,0.5,7.8,3.2
27.3630488805735,62,26,1609,10,0.585,7.7,-0.3,78,0.8,-3.7,-2.8,1.5,0,1.5,4.6,0.7
38.6603379917307,4,26,1017,13.7,0.573,23.6,-0.1,49,-1.6,-0.7,-2.3,1.7,0.7,2.4,4.2,0.8
25.426147780918,12,22,1366,18,0.589,23.8,0.4,70,0.6,-1.4,-0.8,2.6,1.2,3.8,10.1,1.1
19.8047347763384,9,25,648,22.8,0.576,8,0.7,32,5.3,-3.3,2,2,0.3,2.3,38.1,1.5
33.9821796963279,23,30,1085,14.8,0.563,18.7,0.4,64,-1.1,0.6,-0.5,1.5,1.2,2.7,11,1.2
32.4713692233885,43,32,2179,12.1,0.573,13,2,64,1,0.6,1.7,2.7,2.6,5.3,6.9,2.1
22.1814498023565,62,24,1050,9,0.553,8.3,0.3,63,-0.6,-0.4,-1,1,0.7,1.7,7.9,1.5
13.7297506300036,62,27,172,9.8,0.562,18.5,-0.1,13,-2,-1.9,-4,0.1,0.2,0.3,3.3,0.8
34.5365084892575,20,26,1955,8.4,0.584,7.3,0.2,71,-0.4,-1.3,-1.7,1.6,0.7,2.3,6.5,1.2
38.1578236074781,28,35,1020,13.1,0.499,9.3,-0.5,52,-2.1,-1.6,-3.8,0.4,1.1,1.5,29,1.4
22.5507512687009,28,20,29,9.5,0.337,27.2,-0.1,9,-6.6,-3.1,-9.7,0,0,0,5,0
24.6408995213466,25,36,273,8.7,0.514,10.4,-0.2,22,-3.9,-1.3,-5.2,-0.2,0.2,0.1,4.6,1.9
26.6052090685196,32,26,1535,15.4,0.618,11,1.2,69,1.3,-0.3,1,3.5,1.2,4.7,25.1,1.6
38.4508899622044,19,25,2546,17.4,0.569,15.6,1.9,76,1.7,-0.7,1,4.3,2.5,6.7,11.6,1.3
22.4506677676623,24,22,807,7,0.511,7.5,-0.5,52,-2.3,-2.4,-4.6,0.1,0.7,0.8,9.4,0.7
38.0633613528723,62,31,339,10.2,0.589,18.7,-0.3,28,-4.8,-0.6,-5.4,-0.1,0.3,0.2,3.6,0.7
38.7120765360441,24,25,1856,14.4,0.531,11.2,0.8,56,1.6,-1.9,-0.2,1.5,1,2.5,12.5,1.6
24.3347337568429,62,27,807,11.2,0.477,12.7,0,56,-2.3,0.1,-2.2,0.4,0.9,1.3,31.4,2.6
25.9619822121061,10,20,1205,10.5,0.502,14.4,-0.1,71,-2.5,0.1,-2.4,0.4,1.1,1.5,5.3,1.6
19.9768378704696,42,20,34,7.7,0.473,15.6,0,11,-3.8,-3.3,-7.1,0,0,0,7.8,0
37.7949694084389,12,29,2544,14.7,0.528,14.1,2.2,78,0.1,1.3,1.4,2.1,3.1,5.2,8.4,2.5
30.0908909468855,13,33,806,15.9,0.591,18.5,0.8,38,-0.3,2.2,1.8,1,1.6,2.6,6.4,3.2
24.3039348278709,16,23,1980,15.4,0.524,16.2,2,77,1,1,2,2.3,3.3,5.6,17,2
35.0478713325972,8,26,576,10.3,0.515,11.6,0,22,-1.8,0.1,-1.7,-0.1,0.5,0.5,8.9,2.3
23.7334245728264,21,19,728,7,0.532,3.9,-0.1,59,-1.5,-1.3,-2.8,0.5,0.5,1.1,3.2,1.6
25.382850932242,12,23,2359,12.3,0.544,15.4,0.5,79,-1.1,0,-1.1,-0.3,1.9,1.6,13.4,1.7
27.1508291905817,62,26,474,14.9,0.589,19.9,0.2,48,-2.6,2,-0.5,0.6,0.9,1.4,3.8,2.1
37.3377520933933,26,32,2613,15.4,0.615,16.5,2.1,78,1,0.1,1.2,5.3,1.5,6.8,5.3,1.1
26.8978261738379,14,24,2142,17.7,0.541,10.6,0.1,65,-0.1,-1.8,-1.9,2.7,0.8,3.5,7.2,1.5
22.7457151748372,62,25,1651,12.3,0.546,11.5,0.5,72,-1.9,1.1,-0.7,1.2,2.4,3.6,24.7,2.6
24.4102320668809,18,20,428,10.5,0.554,13.4,-0.3,50,-1.9,-2.7,-4.7,0.5,0.3,0.7,2.6,0.6
41.4343754594816,12,24,2390,20.8,0.628,13.9,3.3,73,2.2,1.2,3.4,6.4,2.9,9.3,5.5,1.9
19.9768378704696,46,22,728,9.5,0.513,17.6,-0.3,51,-2.8,-1,-3.8,0.1,0.7,0.8,4.6,2.1
45.5852587873213,7,29,1631,28.2,0.675,14.4,4.4,51,9.8,-1.2,8.6,7.2,1.9,9.2,30.2,2.4
26.7936415245686,8,21,1773,9.1,0.483,13.2,0.3,65,-2.6,1.2,-1.4,-0.6,2.3,1.8,8.2,2.6
22.9232300216075,38,24,2217,16,0.526,10.3,1.3,77,2.1,-1.7,0.4,4.2,1.3,5.5,35.1,1.4
36.2480677155722,23,26,127,6.8,0.385,12.4,-0.1,8,-3.1,-0.5,-3.6,-0.1,0.1,0,16.9,1.5
22.1814498023565,28,21,1240,14.3,0.513,18.2,-0.2,60,-2.7,0,-2.7,0.4,0.9,1.3,9.1,1
19.9768378704696,48,23,1059,8.1,0.517,10.1,0.2,69,-2.6,1.2,-1.4,0.1,0.9,1,7,2.1
30.9879805771199,34,27,1283,13.7,0.526,11.9,-0.1,65,-1,-1.2,-2.2,1.1,1,2,29.3,1.9
32.7289796684608,4,32,1081,11.6,0.539,8.9,-0.4,68,-2.5,-0.8,-3.3,0.9,1,1.8,16.5,1.5
12.3651486743296,62,24,291,15.2,0.534,16.5,0.2,20,-1.3,1.5,0.2,0.2,0.3,0.6,18.1,3.5
22.9232300216075,18,25,686,10.2,0.506,10.1,-0.1,50,-2.3,0,-2.4,0.3,0.9,1.3,16.3,1.8
25.2403681132608,24,26,1455,14.5,0.553,9.9,0.9,70,0,0.4,0.4,1.3,1.9,3.2,15.1,2.7
23.0960072070477,14,25,385,14.4,0.5,14,-0.4,41,-2,-3.8,-5.8,0.3,0.2,0.5,6.4,1.2
40.4129951836417,24,28,2010,14.5,0.569,21.2,0.8,73,-0.9,0.5,-0.4,1.9,2.8,4.8,4.4,0.7
22.1039437111032,37,23,1049,4,0.448,11,-0.4,69,-3.8,0.3,-3.5,-0.3,1.2,0.9,2.4,1
22.9232300216075,62,28,537,9.5,0.475,14.9,-0.7,48,-3.7,-3.8,-7.5,-0.5,0.3,-0.2,11.5,0.8
11.7878893418305,62,28,8,-4.6,0.266,0,0,1,-14.8,-5.9,-20.7,0,0,0,15.8,0
23.7614470886936,18,23,817,11.1,0.526,15.5,-0.3,69,-2.4,-0.9,-3.3,0.4,0.6,1.1,6,1.3
22.7457151748372,62,31,729,17.8,0.644,25.3,1,61,-2.1,5.4,3.2,1.3,1.3,2.7,7.2,1.5
40.196778784643,21,29,1725,12.6,0.592,15.4,1,66,1.1,-0.8,0.2,3.1,1.6,4.7,5.1,0.7
43.6685152431659,4,29,2801,25,0.528,25.3,7.2,77,5.2,3,8.2,5.5,4.3,9.8,49.4,2.5
41.2309301759578,27,25,1702,20.9,0.659,27.5,2.7,52,-0.3,4.5,4.2,4,3.6,7.6,6.7,1.2
33.3741078340937,8,31,1160,17.8,0.545,19.5,0.6,54,-0.8,1,0.2,0.9,2,2.9,9.5,1.9
19.9768378704696,62,24,1052,10.4,0.521,20.2,0.2,65,-2.7,1.7,-1.1,0.3,1.7,1.9,12.3,1.7
22.7457151748372,23,23,1811,17.3,0.55,19.8,0.8,64,-1.1,0.9,-0.2,2.3,1.8,4.1,14.2,1.6
28.8391991091829,62,24,385,9.3,0.504,7.2,0.1,29,-1.9,0.9,-1,0.1,0.4,0.5,15.5,3.3
12.3651486743296,62,23,203,4.1,0.427,8.2,-0.3,12,-5,-2.7,-7.7,-0.3,0.1,-0.3,7.1,0.7
22.1814498023565,62,26,258,12.4,0.623,8.3,0.1,15,0.3,-0.6,-0.3,0.4,0.3,0.7,6.9,1.6
25.3000912956659,23,25,1576,14.4,0.545,9.8,0,58,0.2,-2.2,-2.1,1.1,1.4,2.5,9.7,1.4
37.2129196448057,15,29,1690,14.7,0.552,10.2,0.1,64,-1.6,-0.2,-1.9,1.2,0.8,2,12.3,0.4
38.8138541720625,62,27,2408,12.8,0.562,15.3,2.7,76,0.4,2,2.4,1.5,4.2,5.7,8.7,2.6
37.497882659591,5,27,2185,15,0.533,15.2,1.8,73,-0.1,1.5,1.3,1.2,3.5,4.7,28.3,2.6
22.7457151748372,37,24,668,16.8,0.566,22,0.6,44,-0.5,1.9,1.4,1.3,1.1,2.4,12.8,1.3
25.5591732561318,13,37,163,6.3,0.499,10.4,-0.2,20,-3.8,-2.1,-5.9,0.1,0,0.1,12,0.6
38.4508899622044,24,27,1084,15.5,0.516,9.3,0.1,41,0.5,-2.1,-1.6,0.7,0.9,1.6,32.1,1.1
25.5591732561318,25,26,1732,13.6,0.615,8.3,1.2,62,1.3,-0.6,0.7,2.8,1.5,4.3,8.4,1.4
25.1630343276141,5,33,1324,13.2,0.492,11.1,-0.3,79,-1.1,-1.8,-2.8,0.9,1.3,2.2,22.9,1.8
22.7457151748372,47,25,478,12.3,0.554,9.4,-0.1,39,-1.7,-1.3,-3.1,0.4,0.5,0.9,23.2,1.2
24.0310669791934,17,21,212,9.3,0.546,9.9,-0.1,28,-1.9,-2.9,-4.7,0.1,0.1,0.2,8.7,1.2
25.1630343276141,56,31,391,10.8,0.473,9.1,-0.3,27,-3.2,-2,-5.2,0,0.3,0.3,26.5,1.8
27.1689632771849,21,31,1591,14.9,0.519,14.4,0.2,61,-0.6,-0.9,-1.5,1.7,1.5,3.2,41.6,1.8
12.5892541179417,62,24,597,13.4,0.6,10.1,0,29,0.7,-2.7,-2,1,0.4,1.4,16.7,0.9
28.1124609816989,26,29,196,4,0.398,10.7,-0.2,23,-6.1,-0.6,-6.6,-0.3,0.1,-0.2,6.3,2
23.5089551232919,37,27,1270,7.5,0.51,17.2,-0.2,66,-2.5,-0.3,-2.8,-0.4,1,0.6,5.9,1.1
22.1814498023565,48,23,824,5.2,0.444,15.9,-0.8,54,-5.5,-0.3,-5.8,-1.2,0.6,-0.6,8,1.2
44.5580097494348,47,32,1008,18.2,0.564,18.3,0.9,34,0.6,0.8,1.4,1.5,1,2.5,14.6,1.9
40.1653444950928,10,27,2779,18.4,0.566,15,3.1,76,2.3,0.1,2.4,4.5,3.8,8.3,14.7,2.8
38.4508899622044,3,37,1753,19,0.54,30.3,2.3,74,-0.2,3.3,3.1,2.6,3.2,5.8,20,0.6
35.2039918429899,55,29,2018,12.1,0.562,7,0.9,79,1,-1.3,-0.2,2.1,2.1,4.2,16.1,1.3
30.0174385631795,14,28,1234,9.7,0.545,14.5,0.2,79,-1.8,0.3,-1.5,1,1.4,2.4,5.8,1.9
22.1814498023565,38,22,961,7.4,0.477,7.1,-0.3,57,-2.9,-0.4,-3.3,-0.3,0.9,0.6,10.6,2.2
30.4168520943315,42,29,334,12.3,0.53,9.4,0.2,11,0.4,0.3,0.7,0.1,0.3,0.4,13.8,2.6
22.7457151748372,41,25,1432,9.3,0.535,9,0.2,78,-0.9,-0.6,-1.5,1.1,1.2,2.3,8.9,0.7
22.1814498023565,27,23,1577,14.9,0.554,18.8,1.7,77,0.1,2.1,2.2,2.1,2.3,4.5,13.3,1.9
32.6327468028609,35,32,2170,8.4,0.537,17.4,1.2,78,-1.3,1.5,0.2,1,2.8,3.8,4.6,1.8
42.3327280641948,3,24,2349,18.4,0.601,18,3.3,74,2.5,1.1,3.6,4.9,3,7.9,10,2.4
24.613998015042,23,29,740,15.5,0.632,23.9,0.1,53,-1.4,0.2,-1.3,1.2,1,2.2,9.5,1.2
35.1177566760137,36,31,121,4.5,0.423,26.1,-0.2,14,-7.4,-0.8,-8.2,-0.1,0.1,0,2,0.4
22.1814498023565,62,25,80,8.9,0.577,11.2,0,6,-1.5,-1.3,-2.8,0.1,0.1,0.2,3.5,0.6
23.3113869938802,23,20,1389,9.5,0.575,9.9,0.8,70,0,0.3,0.3,1.1,1.5,2.6,5.2,1.8
22.7457151748372,46,24,1003,8.4,0.496,10.8,-0.3,66,-2.5,-0.5,-3,-0.6,1.1,0.5,11.5,1.6
27.5319971658193,9,22,875,12.8,0.509,30.1,-0.2,54,-3.4,0.3,-3.1,0.5,1.2,1.7,5.7,1.1
36.2568391201879,16,27,1619,19.7,0.536,27.6,1.9,54,0.6,2,2.6,1.3,2.2,3.5,19.3,1.6
36.4183447559176,23,26,1352,17.8,0.567,24,0.7,51,0.9,-0.8,0.1,1.6,1.5,3.2,8.7,1.4
22.7457151748372,41,22,2288,24.4,0.607,27.7,5.1,71,4.8,2.1,6.9,7.3,2.6,9.9,29.2,1.8
28.0370229421181,8,24,459,9.1,0.554,12.6,-0.2,37,-2,-1.8,-3.9,0.1,0.2,0.3,10.1,0.8
12.3651486743296,62,23,60,2.4,0.362,8,-0.1,6,-6,-4.1,-10,-0.2,0,-0.2,11,0
22.1814498023565,62,24,10,-4.6,0,33.5,0,4,-13.8,-4.8,-18.6,0,0,0,0,0
41.4193054555242,25,29,1918,14.3,0.518,13.8,1.6,61,0.8,0.4,1.2,1.6,1.7,3.3,26,1.6
30.0174385631795,16,32,1307,10.1,0.562,7.5,-0.5,76,-0.2,-3.4,-3.7,0.7,0.9,1.6,3.5,1.3
25.1630343276141,12,37,72,13.8,0.666,20.7,-0.1,13,-3.2,-2.8,-6,0.1,0,0.1,8.6,0
28.6307232644307,6,23,472,16.2,0.558,29.1,0.4,30,-3.4,4.6,1.2,0.4,1,1.3,6.3,3.3
27.484099869772,7,35,732,17,0.604,18.5,0.3,50,-1.2,0.6,-0.6,1.6,1,2.6,9.6,1.8
28.2651527526567,35,29,1286,12.9,0.598,19.1,0.8,63,0.8,-0.2,0.6,1.7,1,2.7,8.6,1.7
12.3651486743296,62,24,1,134.1,1.5,0,0,1,68.7,-14.3,54.4,0.1,0,0.1,0,0
10.8086984561964,38,26,19,-2.9,0.167,5.9,-0.1,5,-10.3,-2.2,-12.5,-0.1,0,-0.1,7.1,0
25.7147503838862,11,21,1761,17.6,0.581,20.1,1.5,61,-0.6,1.9,1.4,2.6,2.5,5,7.2,1.1
22.7457151748372,32,24,1190,24.9,0.656,17.1,1.3,72,2.4,-0.1,2.3,4.1,1.2,5.3,9.2,1.3
35.0478713325972,62,32,159,13.5,0.623,14.8,0,10,1.6,-3.3,-1.7,0.2,0.1,0.3,9.5,1.3
26.653895387537,62,28,2,-41.1,0,0,0,1,-36.5,-12.7,-49.2,0,0,0,0,0
30.9879805771199,62,30,1134,11.7,0.564,10.5,0.2,45,0.7,-2,-1.3,0.9,0.5,1.4,26.2,1
36.4183447559176,26,29,888,10.7,0.57,18.5,-0.1,52,-3.9,1.4,-2.5,0.1,0.7,0.8,7.3,0.9
23.5089551232919,43,29,1320,13.7,0.608,15.8,-0.1,72,-0.4,-1.7,-2.2,1.4,1,2.3,8.9,0.8
29.769627533783,44,26,984,14.6,0.599,18.3,0.6,50,0,0.2,0.2,1.4,0.9,2.3,7,1.5
12.2263981869202,62,27,687,13.9,0.469,12.2,-0.1,36,-0.8,-1.8,-2.7,-0.1,0.3,0.2,29.5,2
43.6685152431659,4,30,373,15.5,0.52,8.6,0,12,1.2,-3.4,-2.2,0.4,0.2,0.6,22.3,1.6
36.7339421325102,2,24,1778,12.6,0.534,13.2,0.1,71,-2.1,0.3,-1.8,1.6,1.5,3.1,6,1.3
25.9956109151204,11,26,835,10.9,0.446,13.4,0.3,52,-2.6,2,-0.7,-0.2,1.1,0.8,19.5,2.6
24.6408995213466,2,29,1582,17.7,0.557,21.5,0.1,70,-1.1,-0.6,-1.7,0.9,1.4,2.2,12.4,1
34.6005589148646,11,25,237,16.8,0.661,24.2,0.1,30,0.6,-0.3,0.3,0.6,0.3,0.9,10.6,1.3
19.9768378704696,62,26,1155,12.9,0.567,14.8,0.6,69,-1.2,1.2,0,1.5,1.2,2.6,6.1,1.1
34.7971832558988,15,24,1264,12.6,0.596,9.9,1.2,59,-0.2,2,1.8,1.6,1.6,3.2,6,1.9
34.3695848627748,62,27,702,8.7,0.506,8.4,-0.7,37,-2.2,-3.6,-5.8,0.3,0.2,0.5,27.3,1
10.8086984561964,62,24,11,-0.7,0.417,10.2,0,3,-8.6,-8.6,-17.1,-0.1,0,0,0,0
37.3618370439057,22,27,1373,16.8,0.582,21,1.3,70,-1,2.6,1.6,1.7,1.6,3.3,14.6,1.7
36.8383187731443,2,31,1941,13.3,0.593,16.4,1.5,75,0.7,0.4,1.1,2.7,1.8,4.5,6.7,1.3
12.1820892008421,25,29,76,38.1,0.733,4.7,0.2,3,13.5,-2.9,10.6,0.5,0.1,0.6,32.6,3.3
12.5892541179417,62,25,52,10.9,0.697,29.3,0,8,-3.7,-2,-5.7,0.1,0,0.2,4.8,0
24.6408995213466,16,30,647,13.9,0.541,18.7,-0.1,50,0.3,-3,-2.7,0.2,0.5,0.7,9.5,0.5
12.0877525900842,29,24,74,5.8,0.302,8,-0.1,3,-5.8,-1.5,-7.3,-0.1,0.1,-0.1,24.9,2.7
26.7478348696573,8,20,1501,10.8,0.504,22.8,-0.1,71,-3.5,1.3,-2.1,-0.9,1.5,0.6,8.1,1.6
33.0126051218201,13,28,1872,13.3,0.573,19.3,0.8,69,-1,0.6,-0.4,1.1,2,3.2,10.8,1.4
32.0833017285096,1,19,176,10.3,0.404,10,-0.1,10,-4.7,-0.5,-5.1,-0.1,0.2,0.1,27.6,1.6
28.464652470366,5,22,1544,13.6,0.544,16,0.4,71,-1.1,0.2,-0.9,0.4,1.7,2.1,9.4,2.4
24.6138360597368,34,31,1353,10.1,0.5,12,-0.3,62,-2.3,-0.5,-2.8,-0.7,1.2,0.6,21.6,2.8
29.141413224369,6,23,1614,10.8,0.479,9.8,0.7,54,-1.6,1.2,-0.4,-0.6,2.5,1.9,23.9,2.2
29.769627533783,14,28,1398,14.8,0.547,18.7,0.2,52,-0.9,-0.5,-1.4,1.2,2.1,3.3,8,1.2
22.1814498023565,62,23,223,6.3,0.498,4.7,-0.2,41,-2,-2.7,-4.7,0.1,0,0.2,4.1,1.3
31.3290179599252,18,31,1838,14,0.581,7.1,0.2,76,0.7,-2.2,-1.5,2.2,1.2,3.4,11.9,1.6
36.59791052513,57,33,1967,14.9,0.55,24.1,1.2,78,-1.5,1.9,0.4,2.4,2.3,4.7,10.8,1
41.5033095807167,48,33,2374,17.3,0.531,25.4,2.1,72,-0.2,1.7,1.5,1.3,2.6,4,21.5,1.1
25.5591732561318,57,40,1241,12.4,0.544,10.1,0.2,62,-0.9,-0.4,-1.2,0.4,1.6,1.9,18.8,1.7
26.4164859938228,11,19,778,8.5,0.457,8.1,-0.7,60,-2.1,-3.3,-5.3,-0.9,0.5,-0.4,15.4,1.1
23.481980644284,19,21,581,8.8,0.504,11,-0.5,61,-2.8,-2.5,-5.3,0,0.3,0.3,7.4,1.3
25.5591732561318,62,28,1014,10.7,0.519,10,-0.4,54,-2,-1.6,-3.6,0.4,0.6,1,23.5,1.7
22.1814498023565,36,25,1404,14.3,0.579,10.8,0.3,46,0.6,-1.8,-1.2,2,0.7,2.7,16.3,1.5
22.8575717945846,22,22,324,5.9,0.446,10.7,-0.4,26,-4.3,-2.2,-6.5,-0.2,0.1,-0.1,5.6,1.6
39.0625592001373,7,32,13,5.5,0.5,0,0,1,-7.2,-1.4,-8.6,0,0,0,10.1,3.7
26.120114120954,12,21,1339,11.6,0.55,11.5,0.1,69,-1.4,-0.3,-1.8,0.8,1.3,2.2,12.4,1.5
24.2652107805016,16,28,708,10.2,0.587,14.1,-0.2,49,-0.8,-2.1,-3,0.6,0.4,1,6.6,0.6
10.8086984561964,62,24,8,-15.5,0,28.2,0,2,-23.8,-2.1,-25.8,-0.1,0,-0.1,0,0
26.5016868403128,16,25,404,17.5,0.661,18.6,0.8,47,-0.7,6.2,5.5,0.7,0.9,1.6,7,2.8
24.6408995213466,37,31,1507,10.1,0.601,11.8,0.7,58,-1.4,1.3,-0.1,0.8,1.9,2.6,5.1,2.1
32.0569034216688,45,31,2527,20.5,0.575,6.7,2.1,77,3.9,-2.7,1.2,5.6,1.3,6.9,26.5,1.6
31.30767914124,2,20,1780,12.5,0.444,17.3,1.6,52,-0.8,2.4,1.6,-0.5,2.5,2,29,2.4
45.1748499438299,1,33,2898,28.5,0.62,22.3,8.6,78,7.5,2.2,9.7,10.4,3,13.4,44,1.9
28.0604705995197,7,20,1949,15.3,0.551,23.6,0,65,-0.7,-1.2,-1.9,1.5,1.6,3.2,6.2,0.9
22.7457151748372,27,25,1367,20.3,0.613,21.6,1.9,62,1.2,2.4,3.6,3.5,2.2,5.7,8.8,3
13.7297506300036,62,27,70,3,0.354,0,-0.2,10,-5.4,-5.4,-10.7,-0.1,0,-0.1,18.7,0
31.7146503548727,62,26,782,12.3,0.509,10.2,0.1,54,-0.1,-1.5,-1.6,0.5,0.8,1.4,10.3,1.9
31.7027721218244,62,29,1302,6.4,0.512,10.5,-0.2,70,-2.1,-0.5,-2.6,0.2,0.6,0.8,4.3,1.1
28.619285163235,40,27,1747,12.4,0.501,21.2,-0.1,78,-1.9,-0.2,-2.1,-0.2,1.9,1.6,18.4,1.2
41.016918947479,2,32,2416,25.2,0.573,17.1,3.3,72,3.1,0.3,3.4,7.3,3.4,10.8,11.5,0.8
39.8715258182874,1,25,1931,25.1,0.61,10.8,4.1,60,7,-0.6,6.4,6.3,2.7,9,30.9,1.7
29.3209528409772,33,29,59,5.9,0.43,17.5,-0.1,12,-7.6,-4.2,-11.8,-0.1,0,0,4.8,0.8
28.4787359198292,49,27,1289,19.4,0.623,28,2,73,-0.2,4.2,4,2.3,1.9,4.2,16.9,1.3
43.7266642075845,24,31,2387,19.6,0.6,16.1,4.7,74,5.5,0.4,5.8,6.8,2.9,9.7,30.4,1.7
22.5809740060546,27,22,2383,14.4,0.551,17.4,0.5,76,-0.2,-1.1,-1.2,1.7,2.3,4,9.2,1
32.0569034216688,51,36,1516,13.5,0.651,10.8,0.8,70,2.2,-2.2,0.1,2.8,0.6,3.4,8,0.9
12.3651486743296,62,26,409,9.8,0.439,17.9,0,29,-3.8,2.2,-1.7,0,0.5,0.4,15.1,2
24.729318950628,30,24,1906,15.7,0.579,17.8,2.9,71,-0.4,4.4,4,2.2,3.7,5.9,14.7,2.9
29.0926417006132,4,22,1553,20.4,0.539,18.1,0.5,48,-0.4,-0.2,-0.6,1.4,1.8,3.2,6.3,1.1
28.4160454471907,5,23,1525,14.5,0.488,14.3,0.8,52,-1.4,1.4,0,-1,1.9,0.9,33.3,3.3
33.362746000757,23,28,1391,17.5,0.566,27.8,0.8,71,-0.9,1.2,0.4,2.3,1.5,3.8,9.7,1.7
39.3760966595387,11,27,2369,16.1,0.601,10.3,1,69,1.8,-2.2,-0.4,3,1.8,4.9,11.5,1.1
37.3962629451985,39,26,2857,17.4,0.579,15.2,1.7,78,1.6,-1.2,0.4,4.4,2.2,6.6,17.6,2
19.9768378704696,62,25,481,14.6,0.543,19.6,0.2,38,-1.8,1.4,-0.4,0.8,0.5,1.2,8.9,1.1
22.7457151748372,30,21,819,14.4,0.581,15.4,0.7,62,-1.1,2.2,1.1,1.2,1.2,2.5,6.1,1.8
41.5033095807167,5,29,1556,22.4,0.608,30.3,1.2,56,2.4,-1.4,1,4.3,1.6,5.9,9.6,1.3
42.4176693008045,2,29,2196,26.2,0.643,19.4,4.4,64,5,0.9,5.9,7.2,2.9,10.1,25.3,1
39.3370270366584,8,24,2377,13.5,0.57,14.4,1.9,70,0.9,0.4,1.2,2.8,2.6,5.4,9.3,2.1
38.9217386499453,62,28,1789,14.5,0.547,13.9,1.1,65,-0.6,1.1,0.4,0.2,1.9,2.2,20.1,2.7
36.6849322277239,22,28,461,17.4,0.552,20.8,0,32,-1.1,-1.2,-2.3,0.9,0.4,1.3,5.8,1.3
36.0927417550037,9,27,2663,20.7,0.571,8.8,3.5,77,5.1,-1.9,3.3,6.3,2,8.3,27.5,1.6
24.5793874894504,15,22,2121,12.2,0.539,15.5,0.5,77,-0.6,-0.5,-1.1,1.6,2.2,3.7,6.4,1.7
35.1262580461051,13,26,1720,18,0.615,21.4,2.2,73,1.8,1.4,3.2,2.8,2.6,5.5,18.8,1.8
22.1814498023565,54,22,137,2.9,0.375,10.5,-0.3,15,-8.7,-3.5,-12.1,-0.6,0.1,-0.5,22.5,1.1
39.8715258182874,15,26,210,26,0.572,19.1,0.4,9,2.7,3.2,5.9,0.3,0.5,0.9,17.7,4.3
31.2309598392148,1,22,2770,24.8,0.645,30.9,5.1,78,4.3,1,5.3,9.8,3.1,13,10.7,1.1
26.5016868403128,16,23,1966,19.1,0.529,26.8,1,75,-2.7,2.7,-0.1,0.6,3.7,4.3,11.6,1.5
26.006278682813,10,21,1587,11.5,0.498,20.4,0.4,65,-2.7,1.8,-0.9,0.3,2.3,2.6,13,1.6
24.9673864754691,16,20,4,19.8,0.5,0,0,1,-0.7,4,3.2,0,0,0,0,12.5
25.2502378236787,15,22,1413,9.8,0.53,12.9,-0.5,65,-1.8,-1.5,-3.4,0.6,0.5,1,7.3,1
29.249991589308,62,28,2180,10.9,0.518,12.6,0.5,69,-0.9,-0.2,-1.1,0.4,1.6,1.9,9.9,1.7
23.1031229399466,21,24,485,11.9,0.523,13.9,-0.1,36,-1.1,-1.4,-2.5,0.4,0.6,1,7.3,1.4
22.9232300216075,62,29,106,6.7,0.635,24,0,20,-3.9,1.1,-2.8,0,0.1,0.1,19.5,0.9
28.572821519385,7,23,2099,19.8,0.605,22.8,1.5,78,0.3,0.5,0.8,3.8,2.4,6.3,15.6,0.9
24.5374071221305,15,22,275,10,0.517,14.7,-0.1,24,-0.9,-2.3,-3.2,0.2,0.1,0.4,5.9,1.1
42.6712835125811,17,27,2788,17.4,0.566,10.9,2.6,77,1.6,0.2,1.7,3.6,2.6,6.3,24.5,1.9
30.2779611336068,17,32,12,3.5,0.25,8.8,0,3,-6,-7.4,-13.4,0,0,0,0,0
22.7457151748372,40,24,2601,13.7,0.556,8.9,2.3,78,0,1.5,1.5,1.9,3.5,5.4,13.1,2.3
31.0120071158678,37,30,6,-12.5,0,0,0,2,-9.8,-2.3,-12.1,0,0,0,0,0
29.8867480867264,4,20,1929,11.8,0.482,14.2,-1.1,76,-3.1,-1.3,-4.3,-1.8,1.2,-0.6,10.2,1.9
22.7457151748372,29,26,979,5.3,0.413,14,-0.5,67,-4.7,0.7,-3.9,-0.5,1,0.5,2.7,0.8
22.4788166195566,30,22,1312,11.2,0.579,16,0.5,59,-0.8,0.3,-0.4,1.4,1.3,2.8,7.7,1.5
12.3651486743296,62,24,86,7.3,0.349,10.1,-0.1,5,-5.9,0.4,-5.4,-0.3,0.1,-0.2,20.8,4.5
25.1630343276141,62,36,888,11.5,0.652,8.3,0.1,55,0.2,-2,-1.8,1.5,0.3,1.8,17.8,1.5
22.7457151748372,33,23,284,10.6,0.515,25.3,-0.2,23,-5.5,0.5,-5,-0.1,0.5,0.3,4.8,1.1
15.4009248576176,27,29,37,15.7,0.643,2.8,0,2,1.3,-4.7,-3.4,0.1,0,0.1,35.7,0
35.7990402853888,46,25,1819,16.7,0.543,9.2,0.1,77,0.9,-2.6,-1.7,1.9,1.1,3.1,19.4,1.5
19.9768378704696,38,23,774,18.7,0.646,19.2,1.3,53,0.4,4,4.4,1.7,1.4,3,17.2,2.1
31.3223920303389,62,28,2029,12.8,0.555,9.7,-0.2,69,-1,-1.3,-2.3,0.8,1.1,2,13.3,1.4
28.628799232856,6,20,536,9.8,0.465,17.2,0,27,-4.9,3.1,-1.8,-0.6,0.8,0.2,4.8,3
38.1619237280804,5,25,1657,22.3,0.625,30.3,1.5,74,0.7,0.7,1.5,4.4,2.8,7.2,7.6,0.9
28.3434817243627,39,30,1069,13,0.573,19.5,0.3,70,-0.6,-0.3,-0.9,1.6,1.5,3.1,5.9,1.1
35.0459023807598,40,28,136,8.9,0.505,20.7,-0.1,8,-5.6,-0.3,-5.9,0,0.1,0.1,5.3,0.4
22.9232300216075,36,24,379,12,0.47,18.7,-0.3,36,-3.3,-2.1,-5.3,-0.1,0.4,0.3,5.9,1.2
39.4910126249495,1,27,1335,18.5,0.507,9.9,1,39,1.2,-0.2,0.9,1,1.3,2.3,43.6,1.9
35.7032505656454,14,27,1869,15.8,0.587,21.6,1.2,72,-1.3,1.8,0.5,2.7,2,4.7,8.5,1.1
24.1637631612348,19,20,1690,18.4,0.624,23,1.5,71,-0.3,1.7,1.4,3.3,1.9,5.2,8.2,1.2
22.9232300216075,55,26,523,16.5,0.542,22.8,0.1,52,-1.5,-0.2,-1.6,0.6,0.7,1.3,11.6,0.9
31.1011702049166,3,23,1912,22.9,0.573,29.8,2.3,63,0.2,2.6,2.7,2.3,3.9,6.2,18.2,1
22.1814498023565,52,24,38,11.7,0.521,12.4,-0.1,6,-3.1,-4.6,-7.7,0,0,0.1,0,2.6
22.7457151748372,43,25,520,10.2,0.522,10.8,-0.4,50,-2.5,-2.2,-4.7,0.1,0.4,0.5,9.8,1.3
34.2885773711601,10,36,1129,8.4,0.494,14.7,-0.5,51,-3.3,-0.4,-3.7,-0.2,1.2,0.9,10.2,0.8
37.4174595865303,62,30,2461,14.3,0.622,14.1,3.1,78,2,0.9,2.9,3.7,3.3,7,22.4,1.8
22.9232300216075,33,26,1916,13,0.626,11.3,0.9,76,1.1,-1.3,-0.2,2.7,0.8,3.6,9.6,0.9
27.1508291905817,41,30,1087,12.3,0.545,11.3,-0.2,74,-0.5,-2.4,-2.9,1.1,0.7,1.9,9.1,1.3
39.3463405561389,9,32,40,15.6,0.51,22.1,0,7,-2.3,3.3,1,0,0.1,0.1,14,2.5
40.0707900181939,30,28,2077,23.5,0.589,12.9,3.6,56,4.8,0,4.9,6.8,1.6,8.4,20.7,2.6
33.8792160252694,11,29,925,7.6,0.546,7.3,-0.2,39,-1.8,-0.9,-2.7,0.2,0.9,1.1,8.1,1.2
23.5219574733726,19,25,1574,14.5,0.531,9.6,0.1,70,0,-1.7,-1.8,2.4,0.9,3.3,30.6,1.8
36.0927417550037,62,29,25,16,0.597,0,-0.1,1,-3,-10.4,-13.4,0,0,0,27.3,0
32.0569034216688,12,25,1901,17,0.557,15.7,1.4,77,1.1,-0.2,0.8,2.8,1.8,4.7,15.4,1.5
12.6999357130946,55,30,5,10.4,1,0,0,1,-2.3,-6.1,-8.3,0,0,0,0,0
22.9232300216075,39,23,1585,15.6,0.596,16.1,0.4,78,-1.1,0.2,-0.9,3,1.8,4.8,5.1,0.9
23.0962971398833,39,27,39,8.3,0.444,26.4,-0.1,9,-9.1,-3.6,-12.7,-0.1,0.1,0,0,0
39.932434889584,19,29,2166,16.1,0.55,9.4,1.1,66,1.4,-1.3,0.1,3,1.3,4.3,30.5,2.2
24.6408995213466,5,31,1715,14.2,0.571,11.5,-0.2,74,-0.7,-1.6,-2.4,2.5,0.8,3.3,8.1,1.1
30.5754486338071,3,19,2383,15.1,0.586,15.7,1.8,78,-0.6,1.6,0.9,2.9,3.9,6.9,8.3,1.6
12.3651486743296,62,22,98,6.9,0.452,16,-0.1,6,-5.9,-1,-6.8,-0.1,0.1,-0.1,10.8,1
29.712427756189,3,21,2062,13.3,0.556,14.3,0.9,67,-0.8,0.6,-0.2,1,3.2,4.2,8.4,1.6
19.9768378704696,39,21,778,7.2,0.421,10.4,-0.5,48,-4.3,-0.5,-4.7,-0.8,0.7,-0.1,17.8,2.2
24.6408995213466,18,30,584,21.8,0.634,18.5,0.7,62,0.2,2.5,2.7,1.5,1,2.6,8.1,1.6
25.1630343276141,10,40,762,8,0.531,6.5,0,47,-1.5,-0.7,-2.2,0.2,0.5,0.7,9.7,2.4
30.0593084462274,20,31,276,8.2,0.444,13.9,-0.3,31,-5.1,-1.2,-6.3,-0.3,0.2,-0.1,7.6,0.5
25.1630343276141,22,34,1483,11.2,0.487,11.9,-0.6,58,-2,-1.6,-3.6,0.3,0.7,1,31.3,1.2
23.5215951311265,22,19,1341,17.6,0.634,17.7,0.7,68,-1.1,1.2,0.1,2.5,1.3,3.9,5.6,1
22.7457151748372,25,23,1661,10.5,0.516,15.8,-0.4,73,-3.1,0.1,-3,0.1,1.3,1.4,7,1.2
12.0877525900842,62,26,9,-1.9,0,12,0,3,-10.1,1.7,-8.4,0,0,0,0,5.6
34.6736850452532,22,32,626,8.7,0.554,13.4,0,45,-1.8,-0.2,-2,0.4,0.3,0.8,16.2,1.7
33.4846768919426,62,27,1542,14,0.53,24.4,0.3,55,-1.1,-0.2,-1.3,1.3,1.3,2.6,8.3,1.1
10.8086984561964,62,27,274,11.4,0.634,11.4,0.1,15,1.1,-1,0.1,0.4,0.2,0.6,5.2,0.9
10.8086984561964,62,25,18,7.5,0.508,11.6,0,3,-4.3,-4.4,-8.8,0,0,0,0,0
37.3107275794358,16,30,1873,15.9,0.575,17.2,1.9,70,0.1,1.9,2,2.2,2.8,4.9,22.7,1.9
43.5904132957601,3,28,2449,30.2,0.619,15.4,8.1,69,9.8,1.3,11.1,11.4,3.6,15,44.8,2.5
26.6604347868473,50,27,1540,11.8,0.592,11.1,0.4,68,-0.5,-0.4,-0.9,2,1.1,3.1,6.7,1.5
29.4165394603822,20,35,1013,8.2,0.489,9.5,-0.5,50,-2.6,-1.5,-4.1,-0.1,0.6,0.6,23,1.3
10.6162892681935,62,24,27,22.6,0.599,21.2,-0.1,3,-3.1,-9,-12.1,0.1,0,0.1,0,0
27.2685137707914,7,20,2414,16.2,0.577,9.7,1.1,77,1.8,-2.1,-0.2,4,1.2,5.1,16.3,1.6
35.3677905342847,8,37,1566,13.5,0.527,5.5,-0.8,76,0.3,-4.3,-3.9,1.1,0.3,1.3,17.1,1.2
26.2570361788066,9,22,1429,17,0.648,16.1,1.9,78,0.3,2.9,3.2,2.9,2.2,5.1,5.6,1.2
22.1814498023565,47,23,155,3.8,0.331,7,-0.1,33,-5.8,0.3,-5.5,-0.3,0.2,-0.1,8.7,1.9
29.7632329648469,3,22,353,15.4,0.584,19.4,-0.2,28,-3.7,-0.7,-4.4,0.3,0.3,0.6,5.9,0.4
31.8491162722714,34,27,2007,10.3,0.531,11.4,0.1,76,-0.8,-1,-1.8,1,1.5,2.5,6.9,1.5
10.8086984561964,62,28,6,-2.3,0.5,0,0,3,-10.5,-4.7,-15.3,0,0,0,0,0
31.8349546206217,2,22,621,17.3,0.559,16.4,0.1,27,0.1,-1.6,-1.6,0.7,0.5,1.2,13.7,1.6
37.195984276783,18,32,2152,8.5,0.534,10,0.2,76,-0.6,-1,-1.6,0.5,0.9,1.4,8.6,1.5
41.6466548747994,11,33,2021,15.6,0.612,8.3,1,67,2.4,-2.5,-0.1,4.4,1.8,6.1,15.2,0.8
28.1922482249285,62,33,1603,17.8,0.545,13.3,0.9,69,2.4,-2.2,0.2,2.3,1.1,3.3,45.1,1.1
22.1814498023565,32,20,336,15.6,0.567,20.2,0,39,-2.6,0.2,-2.4,0.5,0.4,0.9,9.1,0.9
20.658519439596,35,20,401,15.6,0.599,23.7,-0.1,32,-2.3,-0.5,-2.8,0.4,0.3,0.8,9.7,1
30.9879805771199,62,29,1966,15,0.517,10.8,0.3,78,-0.9,-0.6,-1.5,2,2,4,28,1.5
22.1814498023565,42,22,180,11.6,0.53,13.1,-0.2,16,-4.2,-1.3,-5.5,-0.3,0.2,-0.1,19.7,2.2
31.2800646838874,60,28,862,12.6,0.508,6.3,-0.7,32,-0.9,-4.3,-5.2,-0.1,0.3,0.2,27,0.8
22.1814498023565,62,23,1086,11.2,0.499,6.8,-0.9,64,-2.7,-2.5,-5.2,0.4,0.4,0.8,27,1.4
21.2032590580103,34,26,422,13.5,0.539,10.1,0,20,0.1,-2.5,-2.4,0.5,0.1,0.6,26.7,1.8
34.9275018054405,17,27,276,6.4,0.48,13.6,-0.1,14,-3.9,-0.1,-4,-0.2,0.2,0,8.1,1.6
20.658519439596,47,19,28,23.2,0.558,16.1,0,10,-4.1,-1.4,-5.4,0.1,0,0.1,0,1.8
38.7951923961141,28,31,1096,12.9,0.614,17,0.5,74,-1.7,1.7,-0.1,1,1.4,2.4,6.9,1.7
23.0960072070477,62,26,1398,9.1,0.525,8.4,-0.8,72,-2.2,-2,-4.2,0.1,0.8,0.9,10.1,1.1
23.7211277458483,18,21,242,7.7,0.422,24.2,-0.4,34,-5.9,-2.4,-8.3,-0.4,0.3,-0.2,10.7,0.6
41.9516019279683,33,28,1303,24.1,0.578,36.9,0.7,51,-2.1,2.4,0.2,2.2,3,5.2,6.8,1.4
41.691188216575,7,25,2561,16,0.542,17.2,0.1,75,-0.6,-1.2,-1.8,2.1,1.9,4,10,1
24.9673864754691,16,22,182,10.5,0.543,15.4,0,31,-1.1,-0.4,-1.5,0.1,0.2,0.4,11.1,0.6
39.4042590685013,7,27,951,20.2,0.586,25.2,0.8,47,-0.5,1.9,1.3,1.3,1.4,2.7,16.8,2
37.40347239002,21,28,1281,14.2,0.536,22.2,0.4,75,-1.3,0.6,-0.7,1.3,1.2,2.5,7.6,1.7
44.0652390944801,9,27,5,7.4,0.5,21.6,0,1,-5.9,-6,-11.9,0,0,0,0,0
38.9673876379905,45,31,2324,16.8,0.544,12,1.2,73,1.2,-1.1,0.1,3,2.4,5.4,25.4,1.3
22.9232300216075,40,24,241,8.9,0.443,8.4,0,19,-2.4,-0.4,-2.7,0.1,0.2,0.3,7.2,2.3
41.4343754594816,15,23,2698,27.7,0.603,25.1,5.4,73,4.2,1.8,5.9,8.6,3.5,12.1,23.7,1.9
10.8086984561964,62,24,64,7.4,0.53,10.7,0,7,-1.7,-1.8,-3.5,0,0,0.1,6.7,1.6
20.6453387565247,18,32,825,14,0.558,14,0.1,37,0.6,-2.3,-1.8,1,0.9,1.9,4.4,1.4
25.0978548491719,13,20,118,10.7,0.415,24.3,-0.1,16,-6.3,1.3,-5.1,-0.2,0.1,0,11.5,0.9
12.5892541179417,50,24,18,15,0.394,18.8,0,7,-2,3.5,1.5,0,0,0,26.7,5.6
40.3856055388354,26,31,1783,13.2,0.581,8.9,0.6,65,0.3,-1,-0.7,2.3,0.8,3.1,14.9,1.6
10.8086984561964,62,25,149,7.6,0.414,11.7,-0.1,19,-3.4,-1.7,-5.2,0,0.1,0.1,12.4,1
25.6708885037075,19,23,2265,16.6,0.599,6.8,1.7,65,2.5,-1.6,1,3.9,1.4,5.4,13.1,2.6
33.0126051218201,62,31,1615,10.2,0.536,9.6,0,65,-1.3,-0.7,-2,0.3,0.8,1.1,11.2,1.8
22.7271123793347,26,20,69,6.5,0.446,13.6,-0.1,12,-3.7,-1.6,-5.3,0,0.1,0,6,1.4
22.1814498023565,62,23,1478,16.2,0.562,11.7,1.6,73,2.1,0,2.2,2.9,1.9,4.7,22.6,2.2
27.5248866509286,8,19,1566,6.5,0.429,9.2,-0.9,74,-3.9,-0.5,-4.4,-2.1,1,-1.2,19.8,1.9
21.6854499471723,34,23,972,13.1,0.479,12.1,-0.3,51,-1.8,-1.5,-3.3,0.1,0.5,0.6,22.8,1.8
26.301794276209,9,24,1755,14,0.542,14.4,0.4,76,0,-1.2,-1.2,2,1.3,3.2,10.8,1
39.0330980708113,2,29,1910,9.9,0.519,11.5,0,75,-2.4,0.3,-2.1,0.6,1.8,2.4,12.4,1
38.9671607139266,20,25,1837,15.6,0.577,9.5,0.7,57,1.6,-2.1,-0.4,2.5,0.9,3.4,14.8,1.3
33.4081321880421,55,28,2468,11.9,0.587,7.5,1,78,0.5,-0.8,-0.4,2.4,1.5,3.9,10,1.5
30.9879805771199,36,30,1627,14.5,0.555,17.5,0.7,65,0,-0.2,-0.2,1.9,1.7,3.6,7.6,1.7
23.598489320998,62,26,715,13,0.511,27.4,0.8,63,-3.6,5.8,2.2,0.4,1.4,1.9,13.5,1.7
36.6984597320279,7,29,2127,15.3,0.58,7.6,0.6,68,1.5,-2.5,-1,3,1.7,4.7,11.6,1
37.6271184433411,18,28,2209,19.3,0.577,11.5,2.1,70,2.2,-0.4,1.8,2.6,2.3,4.9,24.9,3.2
40.634665473156,3,25,1830,24,0.63,30.6,2.1,71,2.5,0.1,2.6,5.5,2.1,7.6,9.5,1
27.3151444221659,7,21,1237,11.6,0.476,11.3,-0.8,63,-2.5,-2.2,-4.7,-0.7,0.7,0,24.6,1.6
15.2520793584456,2,35,341,16.3,0.538,21.9,0,24,-2.8,1.2,-1.6,0.5,0.5,1,2.8,1.1
27.2273169764279,10,23,1808,16.6,0.538,12.8,1,63,0.1,0,0.1,1.4,1.4,2.9,34.9,2.2
26.9856569534713,6,30,783,15.3,0.566,11.4,1.5,59,-1.2,6.8,5.6,1.3,1.7,3,9.1,2.7
31.3796643928324,13,28,1439,15.8,0.61,28.6,0.8,76,-1.6,1.7,0.1,2.6,2.4,5,4,1.1
38.2103210337783,5,36,1476,15.5,0.506,14.7,0.1,64,-2.1,0.5,-1.7,-0.2,1.5,1.4,23.7,1.9
33.8818036705525,45,26,1587,18.7,0.661,21.1,1.9,76,1.1,1.6,2.7,4.4,2,6.4,8.1,2
41.8441672894516,1,32,2384,20.5,0.578,33.4,1,78,-2,1.7,-0.3,2.8,3.7,6.4,7.1,1
19.6010251868804,62,28,427,12.8,0.498,7.7,-0.2,29,-2.5,-1.7,-4.2,-0.2,0.4,0.3,22.4,2.2
19.9768378704696,40,22,713,5.8,0.431,18.6,-0.7,53,-5.5,-0.4,-5.8,-0.7,0.6,-0.1,7.6,1.1
38.6603379917307,35,27,2171,16.4,0.555,21.1,3,66,0.6,2.9,3.5,2.8,3.4,6.2,29.1,2
29.0430352556684,4,20,1957,6.6,0.512,16.2,-0.5,79,-3,0,-3,-0.9,0.7,-0.2,9,0.5
27.1598907193602,11,26,1724,10.5,0.579,10.2,-0.2,79,-0.7,-1.7,-2.4,1.7,0.6,2.3,6.6,0.5
22.1814498023565,62,24,344,6.3,0.468,13,-0.1,18,-3.5,-0.2,-3.7,-0.2,0.2,0,7,1
25.8269398486764,13,21,2512,16.5,0.541,10.1,1.8,75,1.2,-0.3,0.8,1.2,3.5,4.7,19.2,2.2
25.6707666944275,11,21,1711,17.3,0.57,25.3,0.7,70,-0.8,0.4,-0.4,2.4,2.1,4.5,12.6,1
29.769627533783,9,39,1900,16.7,0.575,25.1,1.2,77,0.1,0.3,0.4,2.6,2.2,4.9,10.4,1.1
35.4084071751885,4,26,918,10.5,0.487,8.5,-0.5,30,-2.1,-1.9,-4,-0.7,0.9,0.1,19.8,1.3
19.9768378704696,45,22,2220,9.1,0.526,10.1,-0.8,78,-2.2,-1.3,-3.4,-0.3,1.1,0.9,8.4,1.5
22.1814498023565,31,21,841,16.7,0.624,21.7,0.3,58,-1.3,0.5,-0.8,1.7,0.8,2.5,7.3,0.8
30.9879805771199,62,28,1458,15.7,0.599,28.1,0.9,59,-1.1,1.5,0.4,1.6,1.7,3.3,9.2,1.3
28.9477530148529,5,34,1272,12.8,0.561,9.8,0,67,-0.3,-1.6,-1.8,1.4,0.9,2.3,16.7,1.8
25.1409101451009,13,21,1865,18.1,0.561,12.7,1.2,54,2.9,-2.4,0.5,1.9,0.5,2.4,24.5,1.2
12.6999357130946,2,26,9,-3.2,0.25,11.8,0,2,-11.5,-6.7,-18.2,0,0,0,0,0
22.5144626463565,29,23,139,15.9,0.646,16.9,0.1,17,0,0.5,0.5,0.3,0.2,0.5,9.3,1.5
24.6408995213466,1,29,366,12.3,0.515,6,-0.5,21,-3.5,-4,-7.4,-0.1,0,-0.1,14.6,0.7
22.1814498023565,62,20,245,10.3,0.488,7.8,0,19,-2.5,0.8,-1.7,0.2,0.3,0.4,5.1,0.8
36.0927417550037,3,26,2044,18.8,0.594,18.4,2.4,73,0.4,2.1,2.5,4.3,3.2,7.5,8,1.3
24.8164991678652,14,24,2095,12.1,0.527,18.3,0.8,77,-0.4,0,-0.5,1,1.6,2.6,17.8,1.5
27.0194958762755,9,20,1978,12.8,0.475,11.8,-0.1,67,-1.5,-0.7,-2.2,-2.3,1.7,-0.7,29,1.7
38.1832572639726,17,24,2078,17.3,0.515,8.8,0.7,67,1.5,-2.2,-0.7,1.6,1,2.6,36.4,1.7
12.3856913034025,45,23,17,24.6,0.82,0,0,3,5,-4,1,0.1,0,0.1,35.5,2.8
37.797021473425,27,31,2180,14.3,0.55,18.4,1.2,73,0.5,-0.2,0.2,2.3,1.8,4.1,10.6,1.3
39.4910126249495,5,27,1737,22.7,0.583,31,3.3,48,2,3.6,5.6,1.5,3.2,4.7,23.2,2.2
43.3993609245637,9,28,2616,21.3,0.558,10.4,2.6,77,2.9,-0.9,2,6.8,2.6,9.5,24.8,1.6
23.3113869938802,20,25,1339,16.8,0.577,11.5,1.6,65,1.3,1.6,2.9,2.4,1.9,4.3,19.8,2.5
22.1814498023565,29,21,1669,14.9,0.484,22.6,1.3,78,-2.3,3.5,1.1,-0.3,3.3,3,20.5,2.8
23.0960072070477,53,29,711,6.2,0.485,10.8,0,55,-3.2,1.2,-2,-0.1,0.7,0.6,8.1,2.6
41.5033095807167,35,29,2321,20.2,0.651,37.6,2.5,73,0.5,1.8,2.3,5.8,3.5,9.2,7.1,0.8
23.0636146429568,21,23,395,6.2,0.467,15.8,-0.3,23,-6.6,1.1,-5.5,-0.9,0.4,-0.5,14.1,1.9
29.2413636457834,5,20,1928,11.2,0.477,9.7,-1.2,70,-2.8,-1.6,-4.4,-1.5,0.9,-0.6,24.5,1.8
19.9768378704696,32,22,195,5.2,0.386,16.8,-0.2,18,-5.6,-0.5,-6.1,-0.3,0.1,-0.2,6.5,2.5
22.1814498023565,42,25,1067,14.2,0.587,13.9,0.8,74,1.3,-0.2,1.1,1.6,1.5,3.1,10.4,1.2
25.1630343276141,18,37,947,21.4,0.609,18.5,1.3,69,0,3.4,3.4,1.7,1.7,3.5,20.4,2.3
13.7297506300036,62,26,6,31.4,0.931,0,0,2,11.9,-9.4,2.5,0.1,0,0.1,0,0
22.1814498023565,62,25,1529,12.8,0.561,16.2,0.4,66,-2.2,1.2,-1,1.4,1.4,2.8,9.4,1.8
34.6736850452532,21,30,1929,18.9,0.613,7.6,2,65,3.2,-1,2.2,5.6,1.8,7.3,26.3,2.3
32.5136279869169,27,29,141,8.4,0.559,9.6,-0.1,19,-3.5,-1.1,-4.6,-0.2,0.1,0,9.3,2.8
24.5973456963035,46,27,1847,9.4,0.619,7.9,0.4,78,0.6,-1.7,-1.1,2.1,0.8,2.9,7.7,0.6
25.382850932242,12,23,2229,16.1,0.587,16.7,2,74,1.7,-0.1,1.6,3.7,2.8,6.5,13,1.1
29.7596469924022,5,22,148,21.9,0.63,11.4,0.1,10,2.2,-1.1,1.1,0.4,0.2,0.6,32.9,2
25.0945911227408,33,30,1499,9.7,0.542,14.5,0.2,70,-1.5,-0.1,-1.6,1,1.2,2.2,4.1,1.2
34.6736850452532,46,30,1742,11.5,0.51,12.9,1.5,67,-1,2.3,1.3,0.1,2.8,3,9,1.7
40.6315341683482,6,29,671,13.9,0.545,14.8,0.1,21,0,-1.3,-1.3,0.8,0.4,1.3,8.9,0.9
19.9768378704696,62,25,936,16.2,0.616,21.2,1.1,63,-0.8,3.5,2.7,1.6,1.9,3.5,9.1,1.6
30.4759323263301,2,21,1124,15.5,0.506,14.2,0.5,44,0.8,-1,-0.2,-0.4,0.8,0.4,35.6,1.4
21.3356751710339,44,23,356,8.9,0.489,15.2,-0.3,40,-2.7,-2.1,-4.9,0,0.2,0.2,9.2,1
12.3651486743296,62,25,321,12.9,0.496,15.7,0,12,-1.4,-0.2,-1.5,0.1,0.3,0.4,11.7,2.6
24.6408995213466,62,38,152,4.9,0.405,8.1,-0.2,19,-4.3,-2.1,-6.4,-0.1,0.1,-0.1,7.8,0.7
42.840540478362,6,27,2558,25.1,0.594,10.9,5.7,70,7.6,-0.8,6.8,9.5,2.6,12.1,30.9,1.5
22.1814498023565,30,22,54,10.7,0.765,11.6,-0.1,11,-2.6,-3.8,-6.4,0.1,0,0.1,0,0
19.9768378704696,48,22,159,16.6,0.575,13,0.1,29,-0.9,1.3,0.5,0.4,0.2,0.6,7.3,1.9
24.6870572114835,17,21,69,9.1,0.638,13.6,-0.1,21,-3.5,-1.7,-5.2,0,0,0.1,6.2,1.4
32.3053433682022,9,30,1679,15.4,0.613,8.3,0.5,71,1.6,-2.4,-0.8,3.2,0.8,4,24.1,1.5
32.8694304008738,62,25,856,12.3,0.619,16.7,-0.1,51,-2.3,-0.2,-2.5,1.1,0.5,1.6,8.6,0.6
35.9245363472654,22,32,2226,12.9,0.56,9.1,1.1,73,0.7,-0.7,0,2.5,1.2,3.7,11.4,1.8
32.6704712062176,29,26,2108,11.2,0.505,11.6,0.6,78,-1.1,0.1,-1,1.3,1.9,3.3,15.9,1.8
32.6226497538263,7,31,1121,11.1,0.535,10.3,0.3,69,-1.8,1,-0.8,0.6,1.5,2.1,7.7,3.2
32.3542270753591,11,29,46,5.2,0.34,25.4,-0.1,19,-7.4,-0.6,-8,-0.1,0.1,0,5.9,2.2
36.4722172474425,4,25,627,16,0.602,19.4,0.4,33,-0.7,1.2,0.5,1.2,0.7,1.9,7.4,1.1
25.1769705421326,25,23,1955,24.6,0.65,31,2.5,71,0.1,2.9,3,6,3.9,9.9,5.8,1.4
42.2672275725991,4,32,1753,24.3,0.601,17,4,55,6,1,7,7,2.6,9.6,40.7,2.6
22.7457151748372,29,22,90,15.8,0.478,22.6,-0.1,19,-3.8,-1.9,-5.7,0.1,0.1,0.2,7.1,0
22.1814498023565,33,21,538,17.4,0.619,29.7,-0.2,48,-2.6,-0.5,-3.1,1.1,0.7,1.8,4.8,0.9
32.4713692233885,8,34,643,14.2,0.626,19.8,0.2,50,-0.1,-0.9,-1,1,0.5,1.6,7.5,1.3
41.691188216575,38,29,691,13.7,0.578,13.1,0.1,36,0.3,-1.5,-1.2,0.7,0.4,1.1,16.5,1.3
25.8735610676373,62,22,584,10.9,0.605,17,-0.2,57,-1.6,-1.5,-3.1,0.4,0.4,0.8,6.8,1.6
42.873183488812,3,33,2413,12.7,0.502,17.8,-1.2,75,-2,-2,-3.9,1.1,2.4,3.5,6.4,0.9
23.2716154186491,20,23,1781,14.2,0.523,12.1,0.7,68,-0.3,-0.3,-0.5,0.7,1.4,2.1,26,2
24.8589207833134,14,23,476,14,0.494,9.5,0.1,21,-0.2,-0.6,-0.8,0.3,0.4,0.6,28.9,2.2
22.7271123793347,26,20,165,7.1,0.41,20.3,-0.1,24,-5.7,0.9,-4.8,-0.3,0.2,0,12.2,1.5
32.954785779164,34,30,1251,13.2,0.55,10.9,0.5,66,1.9,-2.4,-0.5,1.4,1.3,2.8,5.7,1.4
42.023997190911,10,26,2780,17.4,0.544,9.9,1.9,77,1.7,-1.1,0.6,4,2.7,6.7,16,1.3
27.8207666813737,6,24,1930,16,0.558,15.1,0.7,77,1.1,-1.6,-0.5,1.2,1.3,2.6,12.3,2
22.1814498023565,62,24,1462,9.1,0.523,7.3,-0.4,77,-1.3,-1.8,-3.1,0.7,1.3,2,8.1,0.9
25.4486236418497,20,22,99,8.5,0.398,15.6,-0.1,11,-4.1,-0.2,-4.3,-0.1,0.1,0,6.9,1.5
41.5033095807167,10,29,1657,16.6,0.558,13.1,1.1,70,0.4,0.2,0.6,1.8,1.9,3.7,11.7,0.9
22.2500328744506,25,23,98,18.2,0.486,25.4,0,18,-4.9,2.2,-2.7,0,0.2,0.2,3.4,4.5
12.0877525900842,62,25,237,10.1,0.527,13.1,0.1,18,-3.3,2.9,-0.4,0,0.4,0.4,13.1,3.8
19.9768378704696,62,26,558,7.2,0.493,12.2,-0.1,61,-3.8,1.1,-2.7,-0.3,0.8,0.5,9.2,2.3
15.235438526961,10,28,156,14,0.51,13.5,0,11,-1.1,-1.8,-2.9,0.1,0.1,0.2,30.3,1.6
30.4239929126256,2,20,1975,13.9,0.536,13.8,0.3,59,-1.6,0.3,-1.3,1,1.8,2.8,17.6,1.1
30.0018558629022,8,30,381,19,0.596,19.3,0.3,28,-1.3,2.3,1,0.8,0.5,1.3,5.6,1.7
41.9516019279683,3,24,2819,18.7,0.566,11.4,2.7,78,2.8,-1,1.9,4.3,2.4,6.7,21.2,1.7
35.0478713325972,31,28,2386,13.8,0.603,10.9,0.7,77,1.1,-1.9,-0.8,3.6,1.6,5.1,7.1,1.1
34.2612489014769,27,25,2089,13.8,0.564,10.7,0.6,75,0.7,-1.6,-0.9,2,0.9,2.9,18.3,1.7
22.896757783611,22,22,1553,20,0.548,22.3,1.1,69,1.4,-0.7,0.7,2.2,1.4,3.6,13.6,1.5
22.9232300216075,62,33,115,5.4,0.425,6.8,-0.2,20,-5,-4.3,-9.3,-0.3,0.1,-0.2,14.9,1.7
32.0569034216688,62,29,286,25.1,0.611,29.8,0.2,35,-0.5,0.6,0.1,0.8,0.5,1.2,12.5,1.5
43.9949283741018,1,28,1970,19.6,0.544,19.8,2.4,58,2.8,0,2.8,3.2,1.9,5,28.1,1
38.9671607139266,7,25,1428,13.9,0.556,23.9,0.2,78,-3.7,2.1,-1.5,1.1,1.7,2.8,6.4,0.7
31.1777500746806,1,21,2614,19.8,0.555,19.3,4.2,77,0.9,3.5,4.4,4,4.7,8.7,37.4,2.4
30.0276078570176,7,24,968,9.2,0.517,11.4,-0.5,52,-2.6,-1.3,-3.9,-0.4,0.7,0.3,7.5,1.9
25.5374582166767,14,20,1324,15.6,0.564,21.7,0.8,66,-1.7,2,0.3,2.1,1.9,4.1,11.2,1.2
33.719702545301,19,27,1433,9.7,0.496,7.3,-0.8,46,-2.8,-1.3,-4.1,-1.4,1.3,-0.1,10.4,1.8
35.9762798528843,10,25,1965,12.9,0.531,6.3,0.8,58,1,-1.4,-0.4,1.5,1.1,2.6,17.1,1.8
25.1630343276141,27,32,657,5.5,0.508,10.5,-0.7,51,-4.3,-1.7,-6,-0.1,0.2,0.1,6.2,0.3
28.8391991091829,62,31,1402,11.7,0.506,22.3,0.1,77,-4,2.2,-1.8,0.4,2.4,2.8,9.4,0.7
12.3651486743296,62,23,93,5.4,0.402,12.2,0,14,-7.5,3.8,-3.7,-0.2,0.1,0,2.9,3.2
27.1508291905817,62,32,1624,13.5,0.652,12.6,1.3,75,2,-0.7,1.2,3.4,1.5,4.8,7.5,0.9
41.9516019279683,1,24,2582,28.9,0.615,24.9,4.7,71,3,2.3,5.3,8.5,4.5,13,10.8,2
23.3113869938802,23,21,186,23.2,0.737,18.4,0.1,30,1,-0.6,0.4,0.7,0.2,0.8,4.4,0.3
32.6178722960185,1,22,2832,13.2,0.509,10.7,-0.4,78,-1,-1.5,-2.6,0.5,1.4,1.9,8,1.5
22.1814498023565,44,23,1326,12.7,0.534,9.7,-0.1,56,-0.9,-1.4,-2.3,1,0.8,1.8,21.4,1.5
25.1630343276141,1,33,216,10.9,0.696,25.5,0.1,23,-3.6,3.6,0,0.1,0.3,0.4,9.1,0.9
34.0915518752248,26,26,1037,10.9,0.543,12.2,0.9,39,-1.4,2.8,1.4,0.8,1.3,2.1,6,2.2
37.8053419982307,9,34,1601,11.3,0.539,12.5,1,63,-0.7,1,0.4,1.6,1.7,3.3,16,1.6
41.9516019279683,9,24,2541,23,0.556,36.6,4.8,76,0.2,5.3,5.5,4.4,5.6,10.1,14.3,2.2
35.4084071751885,56,30,1094,14.2,0.563,18.3,1.3,70,-0.6,3.3,2.7,1.7,1.9,3.6,13.3,1.9
40.085136253454,31,25,2085,11.1,0.54,14.3,0.3,71,-0.3,-1.2,-1.5,1,1.3,2.2,7.9,1
19.9768378704696,62,25,49,9.2,0.663,13.5,0,13,-1.8,-1.5,-3.3,0,0.1,0.1,2.9,1
32.3727684760083,8,27,1950,12.4,0.529,22.3,1.6,65,-0.5,1.7,1.2,1.2,3,4.2,5.8,1.9
19.7741357840698,62,24,101,8.5,0.52,11.1,0,24,-1.8,-1.6,-3.5,0.1,0.1,0.2,2.7,1.5
28.6307232644307,5,24,1324,19.4,0.615,27.2,0.9,66,-0.5,1.3,0.8,3,1.2,4.3,8.5,1
30.6697762785883,32,24,1095,9.1,0.573,8.8,-0.1,73,-0.6,-1.8,-2.3,1.3,0.9,2.2,3.4,1.6
35.2983951203193,12,26,1030,13.1,0.526,18.4,-0.3,62,-2.7,-0.3,-3,0.2,1.5,1.7,9.8,1.8
30.9879805771199,62,25,70,9.3,0.455,29.6,0,5,-6.5,2.7,-3.7,-0.1,0.1,0,16.4,3.4
34.4965015497683,15,33,462,19.9,0.557,25.3,0.2,34,-1.8,1.4,-0.5,0.7,0.8,1.5,10.1,1.7
43.3974436286041,3,31,2219,17.5,0.577,20.1,3.4,70,1.1,3,4.1,3.8,3.8,7.6,23.9,0.9
21.6163741039147,58,24,463,5.7,0.464,12.1,-0.3,44,-5.3,0.3,-5,-0.6,0.7,0,7.2,1.4
12.0877525900842,62,23,164,6.6,0.411,12.6,0,7,-3.2,0.3,-2.9,-0.1,0.2,0.1,8.6,2.1
30.4058076730054,4,22,1838,16.6,0.531,21.8,1,55,0.1,-0.1,0.1,1.1,1.9,3,11.7,1.4
24.6408995213466,26,33,188,10.1,0.508,6.2,-0.1,31,-0.5,-3.7,-4.1,0.1,0.1,0.2,15.2,1.6
